state,total_ev,total_vehicles_sold,%_of_share_of_ev_in_total_vehicles_sold
Uttar Pradesh,665247.0,15317699,4.34
Maharashtra,439358.0,11055082,3.97
Karnataka,350810.0,7315250,4.8
Tamil Nadu,228850.0,8476042,2.7
Rajasthan,233503.0,6490725,3.6
Bihar,214921.0,5763437,3.73
Delhi,216084.0,2799571,7.72
Gujarat,191185.0,7450473,2.57
Madhya Pradesh,144782.0,6812437,2.13
Kerala,151029.0,3781393,3.99
Assam,150617.0,2599986,5.79
Odisha,97056.0,3355237,2.89
Andhra Pradesh,88534.0,4772995,1.85
Chhattisgarh,80348.0,2656935,3.02
Haryana,81775.0,3703954,2.21
West Bengal,69220.0,5099551,1.36
Punjab,56459.0,2973281,1.9
Jharkhand,47400.0,2545053,1.86
Uttarakhand,48522.0,1120010,4.33
Jammu and Kashmir,19099.0,823164,2.32
Goa,20330.0,323748,6.28
Tripura,20113.0,264004,7.62
Chandigarh,12375.0,219391,5.64
Puducherry,5933.0,252488,2.35
Himachal Pradesh,3043.0,636556,0.48
Manipur,1273.0,168310,0.76
Meghalaya,572.0,162249,0.35
Mizoram,344.0,136845,0.25
Dadra and Nagar Haveli and Daman and Diu,468.0,90571,0.52
Andaman and Nicobar Islands,191.0,35896,0.53
Ladakh,88.0,19645,0.45
Arunachal Pradesh,42.0,137145,0.03
Nagaland,27.0,119281,0.02
Lakshadweep,19.0,2752,0.69
Sikkim,,49884,0.0
Total,3639617.0,107531040,3.38
