state,e-2w,e-3w,total
Andaman and Nicobar Islands,17,,17
Andhra Pradesh,39331,2640.0,41971
Arunachal Pradesh,18,,18
Assam,2464,12111.0,14575
Bihar,13672,10136.0,23808
Chhattisgarh,24193,2393.0,26586
Chandigarh,1220,140.0,1360
Daman and Diu,130,8.0,138
Delhi,19704,3433.0,23137
Goa,6421,17.0,6438
Gujarat,49118,1187.0,50305
Himachal Pradesh,765,68.0,833
Haryana,14019,864.0,14883
Jharkhand,6015,1872.0,7887
Jammu and Kashmir,1996,5874.0,7870
Karnataka,100901,6343.0,107244
Kerala,49248,3156.0,52404
Ladakh,4,,4
Lakshadweep,5,1.0,6
Maharashtra,170413,6842.0,177255
Meghalaya,121,163.0,284
Manipur,7,193.0,200
Madhya Pradesh,49204,3354.0,52558
Mizoram,430,,430
Nagaland,5,,5
Odisha,45926,1678.0,47604
Punjab,16553,737.0,17290
Puducherry,3361,187.0,3548
Rajasthan,58638,2450.0,61088
Shillong ,1,1.0,2
Telangana,45572,2909.0,48481
Tamil Nadu,93159,1683.0,94842
Tripura,356,6811.0,7167
Uttarakhand,5881,1765.0,7646
Uttar Pradesh,67384,39062.0,106446
West Bengal,19387,3323.0,22710
Total,905639,121401.0,1027040
